arm,query_id,type,relation,hops,gold_rank,rr,hit@1,hit@5,hit@20,terminal_hit,entity_recovered,chain_coverage,refused,refusal_correct,top_score,latency_ms
rag,KI-001,known_item,ASSIGNED_TO,,,0.0,0,0,0,,,,False,,0.806997,8.028900003409944
rag,KI-002,known_item,HAS_CERT,,1,1.0,1,1,1,,,,False,,0.901499,9.371599997393787
rag,KI-003,known_item,HAS_MODEL,,1,1.0,1,1,1,,,,False,,0.886907,7.134099992981646
rag,KI-004,known_item,HAS_SEVERITY,,16,0.0625,0,0,1,,,,False,,0.905751,9.418300003744662
rag,KI-005,known_item,HOMED_AT,,3,0.3333333333333333,0,1,1,,,,False,,0.873155,7.569100002001505
rag,KI-006,known_item,INVOLVES_EQUIPMENT,,,0.0,0,0,0,,,,False,,0.754489,8.65009999688482
rag,KI-007,known_item,INVOLVES_PERSON,,,0.0,0,0,0,,,,False,,0.776526,7.293300004675984
rag,KI-008,known_item,LOCATED_IN,,2,0.5,0,1,1,,,,False,,0.786027,8.791000000201166
rag,KI-009,known_item,MAINTAINED_BY,,,0.0,0,0,0,,,,False,,0.825852,7.441699999617413
rag,KI-010,known_item,MANAGES,,1,1.0,1,1,1,,,,False,,0.799678,7.84620000194991
rag,KI-011,known_item,MANUFACTURED_BY,,2,0.5,0,1,1,,,,False,,0.839164,6.8911000053049065
rag,KI-012,known_item,MEMBER_OF,,1,1.0,1,1,1,,,,False,,0.76563,7.394799999019597
rag,KI-013,known_item,OCCURRED_AT,,2,0.5,0,1,1,,,,False,,0.804021,7.266900000104215
rag,KI-014,known_item,OWNED_BY,,1,1.0,1,1,1,,,,False,,0.762006,8.063500004936941
rag,KI-015,known_item,PERFORMED_AT,,1,1.0,1,1,1,,,,False,,0.862505,7.551499998953659
rag,KI-016,known_item,REPORTED_ON,,1,1.0,1,1,1,,,,False,,0.902517,7.372300002316479
rag,KI-017,known_item,REPORTS_TO,,1,1.0,1,1,1,,,,False,,0.608718,8.344100002432242
rag,KI-018,known_item,SCHEDULED_ON,,7,0.14285714285714285,0,0,1,,,,False,,0.924736,7.0363000049837865
rag,KI-019,known_item,SERVICES,,,0.0,0,0,0,,,,False,,0.765996,9.020999998028856
rag,KI-020,known_item,STATIONED_AT,,1,1.0,1,1,1,,,,False,,0.775696,7.0577000005869195
rag,KI-021,known_item,ASSIGNED_TO,,,0.0,0,0,0,,,,False,,0.784459,7.561499995063059
rag,KI-022,known_item,HAS_CERT,,1,1.0,1,1,1,,,,False,,0.921031,6.703899998683482
rag,KI-023,known_item,HAS_MODEL,,1,1.0,1,1,1,,,,False,,0.901333,7.017999996605795
rag,KI-024,known_item,HAS_SEVERITY,,5,0.2,0,1,1,,,,False,,0.902947,8.883800001058262
rag,KI-025,known_item,HOMED_AT,,1,1.0,1,1,1,,,,False,,0.870713,6.892400000651833
rag,KI-026,known_item,INVOLVES_EQUIPMENT,,,0.0,0,0,0,,,,False,,0.761867,8.574499996029772
rag,KI-027,known_item,INVOLVES_PERSON,,,0.0,0,0,0,,,,False,,0.791853,6.899699998029973
rag,KI-028,known_item,LOCATED_IN,,1,1.0,1,1,1,,,,False,,0.732442,7.143899994844105
rag,KI-029,known_item,MAINTAINED_BY,,1,1.0,1,1,1,,,,False,,0.794199,7.407299999613315
rag,KI-030,known_item,MANAGES,,1,1.0,1,1,1,,,,False,,0.78783,7.381099996564444
rag,KI-031,known_item,MANUFACTURED_BY,,1,1.0,1,1,1,,,,False,,0.778758,7.418599998345599
rag,KI-032,known_item,MEMBER_OF,,1,1.0,1,1,1,,,,False,,0.790976,7.33139999647392
rag,KI-033,known_item,OCCURRED_AT,,20,0.05,0,0,1,,,,False,,0.821788,7.453999998688232
rag,KI-034,known_item,OWNED_BY,,1,1.0,1,1,1,,,,False,,0.804242,7.554100004199427
rag,KI-035,known_item,PERFORMED_AT,,,0.0,0,0,0,,,,False,,0.843563,7.9597000003559515
rag,KI-036,known_item,REPORTED_ON,,1,1.0,1,1,1,,,,False,,0.907093,7.452400001056958
rag,KI-037,known_item,REPORTS_TO,,2,0.5,0,1,1,,,,False,,0.612305,8.074000004853588
rag,KI-038,known_item,SCHEDULED_ON,,1,1.0,1,1,1,,,,False,,0.933607,6.906000002345536
rag,KI-039,known_item,SERVICES,,1,1.0,1,1,1,,,,False,,0.786915,8.74879999901168
rag,KI-040,known_item,STATIONED_AT,,1,1.0,1,1,1,,,,False,,0.614127,7.199599996965844
rag,KI-041,known_item,ASSIGNED_TO,,,0.0,0,0,0,,,,False,,0.792441,8.634899997559842
rag,KI-042,known_item,HAS_CERT,,1,1.0,1,1,1,,,,False,,0.90752,7.0398999960161746
rag,KI-043,known_item,HAS_MODEL,,1,1.0,1,1,1,,,,False,,0.880516,6.926699999894481
rag,KI-044,known_item,HAS_SEVERITY,,1,1.0,1,1,1,,,,False,,0.897054,7.823799998732284
rag,KI-045,known_item,HOMED_AT,,4,0.25,0,1,1,,,,False,,0.851915,7.479200001398567
rag,KI-046,known_item,INVOLVES_EQUIPMENT,,,0.0,0,0,0,,,,False,,0.767262,8.679899998242036
rag,KI-047,known_item,INVOLVES_PERSON,,,0.0,0,0,0,,,,False,,0.781925,7.350899999437388
rag,KI-048,known_item,LOCATED_IN,,2,0.5,0,1,1,,,,False,,0.832735,8.530699997209013
rag,KI-049,known_item,MAINTAINED_BY,,,0.0,0,0,0,,,,False,,0.779456,7.444299997587223
rag,KI-050,known_item,MANAGES,,1,1.0,1,1,1,,,,False,,0.784319,7.589799999550451
rag,KI-051,known_item,MANUFACTURED_BY,,3,0.3333333333333333,0,1,1,,,,False,,0.859355,7.020400000328664
rag,KI-052,known_item,MEMBER_OF,,1,1.0,1,1,1,,,,False,,0.811202,9.40400000399677
rag,KI-053,known_item,OCCURRED_AT,,5,0.2,0,1,1,,,,False,,0.809923,6.884000002173707
rag,KI-054,known_item,OWNED_BY,,1,1.0,1,1,1,,,,False,,0.859782,8.47549999889452
rag,KI-055,known_item,PERFORMED_AT,,,0.0,0,0,0,,,,False,,0.83747,6.870999997772742
rag,KI-056,known_item,REPORTED_ON,,1,1.0,1,1,1,,,,False,,0.911851,14.166099994326942
rag,KI-057,known_item,REPORTS_TO,,1,1.0,1,1,1,,,,False,,0.714179,7.764099995256402
rag,KI-058,known_item,SCHEDULED_ON,,3,0.3333333333333333,0,1,1,,,,False,,0.928933,7.590599998366088
rag,KI-059,known_item,SERVICES,,13,0.07692307692307693,0,0,1,,,,False,,0.772801,6.955199998628814
rag,KI-060,known_item,STATIONED_AT,,1,1.0,1,1,1,,,,False,,0.797826,11.295199998130556
rag,KI-061,known_item,ASSIGNED_TO,,,0.0,0,0,0,,,,False,,0.753519,11.13430000259541
rag,KI-062,known_item,HAS_CERT,,1,1.0,1,1,1,,,,False,,0.924679,7.0800000030430965
rag,KI-063,known_item,HAS_MODEL,,1,1.0,1,1,1,,,,False,,0.89847,8.416099997702986
rag,KI-064,known_item,HAS_SEVERITY,,7,0.14285714285714285,0,0,1,,,,False,,0.894033,6.91240000014659
rag,KI-065,known_item,HOMED_AT,,1,1.0,1,1,1,,,,False,,0.878986,7.998499997484032
rag,KI-066,known_item,INVOLVES_EQUIPMENT,,,0.0,0,0,0,,,,False,,0.741511,7.202200002211612
rag,KI-067,known_item,INVOLVES_PERSON,,,0.0,0,0,0,,,,False,,0.779395,10.601200003293343
rag,KI-068,known_item,LOCATED_IN,,1,1.0,1,1,1,,,,False,,0.796187,7.249200003570877
rag,KI-069,known_item,MAINTAINED_BY,,5,0.2,0,1,1,,,,False,,0.832418,8.972499999799766
rag,KI-070,known_item,MANAGES,,1,1.0,1,1,1,,,,False,,0.815197,6.241099996259436
rag,KI-071,known_item,MANUFACTURED_BY,,1,1.0,1,1,1,,,,False,,0.872966,8.690299997397233
rag,KI-072,known_item,MEMBER_OF,,1,1.0,1,1,1,,,,False,,0.809545,7.7848000000813045
rag,KI-073,known_item,OCCURRED_AT,,,0.0,0,0,0,,,,False,,0.826343,6.620499996643048
rag,KI-074,known_item,OWNED_BY,,1,1.0,1,1,1,,,,False,,0.826312,7.418699999107048
rag,KI-075,known_item,PERFORMED_AT,,6,0.16666666666666666,0,0,1,,,,False,,0.857464,8.27999999455642
rag,KI-076,known_item,REPORTED_ON,,1,1.0,1,1,1,,,,False,,0.916999,8.105300003080629
rag,KI-077,known_item,REPORTS_TO,,1,1.0,1,1,1,,,,False,,0.717412,6.879499997012317
rag,KI-078,known_item,SCHEDULED_ON,,1,1.0,1,1,1,,,,False,,0.929312,8.645300003990997
rag,KI-079,known_item,SERVICES,,,0.0,0,0,0,,,,False,,0.772734,6.112100003520027
rag,KI-080,known_item,STATIONED_AT,,1,1.0,1,1,1,,,,False,,0.844875,7.8691000016988255
rag,KI-081,known_item,ASSIGNED_TO,,,0.0,0,0,0,,,,False,,0.763207,8.043200003157835
rag,KI-082,known_item,HAS_CERT,,1,1.0,1,1,1,,,,False,,0.891863,8.604599999671336
rag,KI-083,known_item,HAS_MODEL,,1,1.0,1,1,1,,,,False,,0.888693,6.981600003200583
rag,KI-084,known_item,HAS_SEVERITY,,1,1.0,1,1,1,,,,False,,0.913137,6.65350000053877
rag,KI-085,known_item,HOMED_AT,,1,1.0,1,1,1,,,,False,,0.882216,7.87579999450827
rag,KI-086,known_item,INVOLVES_EQUIPMENT,,,0.0,0,0,0,,,,False,,0.735377,7.423600000038277
rag,KI-087,known_item,INVOLVES_PERSON,,,0.0,0,0,0,,,,False,,0.764014,7.034499998553656
rag,KI-088,known_item,LOCATED_IN,,1,1.0,1,1,1,,,,False,,0.752979,6.690800000797026
rag,KI-089,known_item,MAINTAINED_BY,,4,0.25,0,1,1,,,,False,,0.853126,13.028699999267701
rag,KI-090,known_item,MANAGES,,1,1.0,1,1,1,,,,False,,0.827433,5.735800004913472
rag,KI-091,known_item,MANUFACTURED_BY,,1,1.0,1,1,1,,,,False,,0.882242,7.366499994532205
rag,KI-092,known_item,MEMBER_OF,,1,1.0,1,1,1,,,,False,,0.733779,6.721400000969879
rag,KI-093,known_item,OCCURRED_AT,,,0.0,0,0,0,,,,False,,0.823454,7.259499994688667
rag,KI-094,known_item,OWNED_BY,,1,1.0,1,1,1,,,,False,,0.770753,6.598899999517016
rag,KI-095,known_item,PERFORMED_AT,,1,1.0,1,1,1,,,,False,,0.848797,7.716799998888746
rag,KI-096,known_item,REPORTED_ON,,1,1.0,1,1,1,,,,False,,0.906587,6.648499998846091
rag,KI-097,known_item,REPORTS_TO,,14,0.07142857142857142,0,0,1,,,,False,,0.758988,6.3598000051570125
rag,KI-098,known_item,SCHEDULED_ON,,3,0.3333333333333333,0,1,1,,,,False,,0.92318,7.020299999567214
rag,KI-099,known_item,SERVICES,,16,0.0625,0,0,1,,,,False,,0.777043,7.129600002372172
rag,KI-100,known_item,STATIONED_AT,,2,0.5,0,1,1,,,,False,,0.629479,9.38529999984894
rag,KI-101,known_item,ASSIGNED_TO,,,0.0,0,0,0,,,,False,,0.798388,7.984099996974692
rag,KI-102,known_item,HAS_CERT,,1,1.0,1,1,1,,,,False,,0.907845,6.76470000325935
rag,KI-103,known_item,HAS_MODEL,,1,1.0,1,1,1,,,,False,,0.898091,7.885500002885237
rag,KI-104,known_item,HAS_SEVERITY,,1,1.0,1,1,1,,,,False,,0.912699,6.729300002916716
rag,KI-105,known_item,HOMED_AT,,1,1.0,1,1,1,,,,False,,0.90634,7.582300000649411
rag,KI-106,known_item,INVOLVES_EQUIPMENT,,,0.0,0,0,0,,,,False,,0.73193,8.696600001712795
rag,KI-107,known_item,INVOLVES_PERSON,,,0.0,0,0,0,,,,False,,0.770326,8.278399996925145
rag,KI-108,known_item,LOCATED_IN,,1,1.0,1,1,1,,,,False,,0.802617,8.184300000721123
rag,KI-109,known_item,MAINTAINED_BY,,11,0.09090909090909091,0,0,1,,,,False,,0.784608,7.880799996200949
rag,KI-110,known_item,MANAGES,,1,1.0,1,1,1,,,,False,,0.770736,7.590699999127537
rag,KI-111,known_item,MANUFACTURED_BY,,2,0.5,0,1,1,,,,False,,0.782469,7.018200005404651
rag,KI-112,known_item,MEMBER_OF,,1,1.0,1,1,1,,,,False,,0.791583,7.680900002014823
rag,KI-113,known_item,OCCURRED_AT,,,0.0,0,0,0,,,,False,,0.822655,7.991300000867341
rag,KI-114,known_item,OWNED_BY,,1,1.0,1,1,1,,,,False,,0.750837,7.787299997289665
rag,KI-115,known_item,PERFORMED_AT,,,0.0,0,0,0,,,,False,,0.864449,6.931200005055871
rag,KI-116,known_item,REPORTED_ON,,1,1.0,1,1,1,,,,False,,0.906549,8.40759999846341
rag,KI-117,known_item,REPORTS_TO,,1,1.0,1,1,1,,,,False,,0.708964,6.720600002154242
rag,KI-118,known_item,SCHEDULED_ON,,1,1.0,1,1,1,,,,False,,0.931239,8.175199996912852
rag,KI-119,known_item,SERVICES,,1,1.0,1,1,1,,,,False,,0.789159,6.783999997423962
rag,KI-120,known_item,STATIONED_AT,,1,1.0,1,1,1,,,,False,,0.778108,9.226099995430559
rag,KI-121,known_item,ASSIGNED_TO,,,0.0,0,0,0,,,,False,,0.74771,6.987900000240188
rag,KI-122,known_item,HAS_CERT,,1,1.0,1,1,1,,,,False,,0.915933,7.677100002183579
rag,KI-123,known_item,HAS_MODEL,,1,1.0,1,1,1,,,,False,,0.898737,7.193899997218978
rag,KI-124,known_item,HAS_SEVERITY,,2,0.5,0,1,1,,,,False,,0.902383,8.522800002538133
rag,KI-125,known_item,HOMED_AT,,1,1.0,1,1,1,,,,False,,0.856668,6.9084999995538965
rag,KI-126,known_item,INVOLVES_EQUIPMENT,,,0.0,0,0,0,,,,False,,0.756708,12.360799999441952
rag,KI-127,known_item,INVOLVES_PERSON,,,0.0,0,0,0,,,,False,,0.782137,7.313599999179132
rag,KI-128,known_item,LOCATED_IN,,1,1.0,1,1,1,,,,False,,0.764624,8.350600000994746
rag,KI-129,known_item,MAINTAINED_BY,,,0.0,0,0,0,,,,False,,0.852456,8.475000002363231
rag,KI-130,known_item,MANUFACTURED_BY,,1,1.0,1,1,1,,,,False,,0.864364,7.829800000763498
rag,KI-131,known_item,MEMBER_OF,,1,1.0,1,1,1,,,,False,,0.826074,7.674500004213769
rag,KI-132,known_item,OCCURRED_AT,,,0.0,0,0,0,,,,False,,0.833097,7.972599996719509
rag,KI-133,known_item,OWNED_BY,,1,1.0,1,1,1,,,,False,,0.847385,7.756900005915668
rag,KI-134,known_item,PERFORMED_AT,,13,0.07692307692307693,0,0,1,,,,False,,0.853032,7.472199999028817
rag,KI-135,known_item,REPORTED_ON,,1,1.0,1,1,1,,,,False,,0.912002,7.696100001339801
rag,KI-136,known_item,REPORTS_TO,,1,1.0,1,1,1,,,,False,,0.72968,6.482000004325528
rag,KI-137,known_item,SCHEDULED_ON,,2,0.5,0,1,1,,,,False,,0.92235,9.246499997971114
rag,KI-138,known_item,SERVICES,,,0.0,0,0,0,,,,False,,0.770778,8.360199994058348
rag,KI-139,known_item,STATIONED_AT,,1,1.0,1,1,1,,,,False,,0.787937,8.508699997037183
rag,KI-140,known_item,ASSIGNED_TO,,,0.0,0,0,0,,,,False,,0.783501,9.104499993554782
rag,KI-141,known_item,HAS_CERT,,1,1.0,1,1,1,,,,False,,0.912908,9.759000000485685
rag,KI-142,known_item,HAS_MODEL,,1,1.0,1,1,1,,,,False,,0.883768,10.021800000686198
rag,KI-143,known_item,HAS_SEVERITY,,3,0.3333333333333333,0,1,1,,,,False,,0.898667,11.601199999859091
rag,KI-144,known_item,HOMED_AT,,1,1.0,1,1,1,,,,False,,0.856817,13.166699995053932
rag,KI-145,known_item,INVOLVES_EQUIPMENT,,,0.0,0,0,0,,,,False,,0.747582,11.580399994272739
rag,KI-146,known_item,INVOLVES_PERSON,,,0.0,0,0,0,,,,False,,0.774064,7.373899999947753
rag,KI-147,known_item,LOCATED_IN,,1,1.0,1,1,1,,,,False,,0.910317,10.071300006529782
rag,KI-148,known_item,MAINTAINED_BY,,3,0.3333333333333333,0,1,1,,,,False,,0.786956,8.550299993657973
rag,KI-149,known_item,MANUFACTURED_BY,,1,1.0,1,1,1,,,,False,,0.806741,10.049500000604894
rag,KI-150,known_item,MEMBER_OF,,1,1.0,1,1,1,,,,False,,0.806189,8.427900000242516
rag,MH-001,multi_hop,,2,,,,,,0,0,0.0,False,,0.756395,7.0467999976244755
rag,MH-002,multi_hop,,2,,,,,,0,0,0.0,False,,0.764795,8.66449999739416
rag,MH-003,multi_hop,,3,,,,,,0,0,0.0,False,,0.697173,7.2571999990032054
rag,MH-004,multi_hop,,3,,,,,,0,0,0.0,False,,0.694251,8.756200004427228
rag,MH-005,multi_hop,,2,,,,,,0,0,0.0,False,,0.695021,7.310699998924974
rag,MH-006,multi_hop,,2,,,,,,0,0,0.5,False,,0.7665,7.310200002393685
rag,MH-007,multi_hop,,2,,,,,,0,0,0.0,False,,0.727716,7.5593000001390465
rag,MH-008,multi_hop,,2,,,,,,0,0,0.0,False,,0.695383,7.762200002616737
rag,MH-009,multi_hop,,2,,,,,,0,0,0.0,False,,0.736613,8.299599998281337
rag,MH-010,multi_hop,,2,,,,,,0,0,0.0,False,,0.764503,8.381300001929048
rag,MH-011,multi_hop,,3,,,,,,0,0,0.0,False,,0.704605,8.293300001241732
rag,MH-012,multi_hop,,2,,,,,,0,0,0.0,False,,0.74975,6.361899999319576
rag,MH-013,multi_hop,,2,,,,,,0,0,0.0,False,,0.768823,7.706100004725158
rag,MH-014,multi_hop,,3,,,,,,0,0,0.0,False,,0.697246,7.38429999910295
rag,MH-015,multi_hop,,3,,,,,,0,0,0.0,False,,0.700431,7.697200002439786
rag,MH-016,multi_hop,,2,,,,,,0,0,0.0,False,,0.7192,7.452599995303899
rag,MH-017,multi_hop,,2,,,,,,0,0,0.5,False,,0.778306,7.302799996978138
rag,MH-018,multi_hop,,2,,,,,,0,0,0.0,False,,0.715011,8.587300006183796
rag,MH-019,multi_hop,,2,,,,,,0,0,0.0,False,,0.69801,6.484799996542279
rag,MH-020,multi_hop,,2,,,,,,0,0,0.0,False,,0.749851,7.85840000025928
rag,MH-021,multi_hop,,2,,,,,,0,0,0.0,False,,0.758895,7.24869999976363
rag,MH-022,multi_hop,,3,,,,,,0,0,0.0,False,,0.714268,9.149999998044223
rag,MH-023,multi_hop,,2,,,,,,0,0,0.0,False,,0.770052,7.50759999937145
rag,MH-024,multi_hop,,2,,,,,,0,0,0.0,False,,0.768213,8.972499999799766
rag,MH-025,multi_hop,,3,,,,,,0,0,0.0,False,,0.70192,7.332600005611312
rag,MH-026,multi_hop,,3,,,,,,0,0,0.0,False,,0.701991,9.274899995943997
rag,MH-027,multi_hop,,2,,,,,,0,0,0.0,False,,0.732267,7.228000002214685
rag,MH-028,multi_hop,,2,,,,,,0,0,0.5,False,,0.72816,9.077399998204783
rag,MH-029,multi_hop,,2,,,,,,0,1,0.0,False,,0.73398,7.518200000049546
rag,MH-030,multi_hop,,2,,,,,,0,0,0.0,False,,0.704586,9.867699998721946
rag,DX-001,distractor,,,,,,,,,,,False,0,0.423022,8.063599998422433
rag,DX-002,distractor,,,,,,,,,,,False,0,0.457725,7.559999998193234
rag,DX-003,distractor,,,,,,,,,,,False,0,0.560365,6.427799999073613
rag,DX-004,distractor,,,,,,,,,,,False,0,0.824855,8.139500001561828
rag,DX-005,distractor,,,,,,,,,,,False,0,0.77847,7.446000003255904
rag,DX-006,distractor,,,,,,,,,,,False,0,0.748767,8.49249999737367
rag,DX-007,distractor,,,,,,,,,,,False,0,0.90502,7.8581999987363815
rag,DX-008,distractor,,,,,,,,,,,False,0,0.759004,8.113500000035856
rag,DX-009,distractor,,,,,,,,,,,True,1,0.383078,6.862199996248819
rag,DX-010,distractor,,,,,,,,,,,False,0,0.873138,10.107300004165154
rag,DX-011,distractor,,,,,,,,,,,True,1,0.389287,6.652600000961684
rag,DX-012,distractor,,,,,,,,,,,False,0,0.429832,8.651999996800441
rag,DX-013,distractor,,,,,,,,,,,False,0,0.550234,7.277099997736514
rag,DX-014,distractor,,,,,,,,,,,False,0,0.827786,9.351400003652088
rag,DX-015,distractor,,,,,,,,,,,False,0,0.777507,7.759300002362579
rag,DX-016,distractor,,,,,,,,,,,False,0,0.760605,9.564600004523527
rag,DX-017,distractor,,,,,,,,,,,False,0,0.901219,7.569000001240056
rag,DX-018,distractor,,,,,,,,,,,False,0,0.741286,8.500200005073566
rag,DX-019,distractor,,,,,,,,,,,False,0,0.417576,7.448600001225714
rag,DX-020,distractor,,,,,,,,,,,False,0,0.871556,7.604899998113979
graph,KI-001,known_item,ASSIGNED_TO,,6,0.16666666666666666,0,0,1,,,,False,,0.722222,0.4411999980220571
graph,KI-002,known_item,HAS_CERT,,1,1.0,1,1,1,,,,False,,0.777778,0.454399996669963
graph,KI-003,known_item,HAS_MODEL,,1,1.0,1,1,1,,,,False,,0.833333,0.24819999816827476
graph,KI-004,known_item,HAS_SEVERITY,,1,1.0,1,1,1,,,,False,,0.857143,0.39290000131586567
graph,KI-005,known_item,HOMED_AT,,1,1.0,1,1,1,,,,False,,0.75,0.18339999951422215
graph,KI-006,known_item,INVOLVES_EQUIPMENT,,4,0.25,0,1,1,,,,False,,0.666667,0.39670000114711
graph,KI-007,known_item,INVOLVES_PERSON,,3,0.3333333333333333,0,1,1,,,,False,,0.714286,0.30870000045979396
graph,KI-008,known_item,LOCATED_IN,,2,0.5,0,1,1,,,,False,,0.642857,0.23399999918183312
graph,KI-009,known_item,MAINTAINED_BY,,2,0.5,0,1,1,,,,False,,0.6875,0.2922000057878904
graph,KI-010,known_item,MANAGES,,1,1.0,1,1,1,,,,False,,0.714286,0.2443999983370304
graph,KI-011,known_item,MANUFACTURED_BY,,1,1.0,1,1,1,,,,False,,0.785714,0.3180999992764555
graph,KI-012,known_item,MEMBER_OF,,1,1.0,1,1,1,,,,False,,0.6875,0.29319999885046855
graph,KI-013,known_item,OCCURRED_AT,,4,0.25,0,1,1,,,,False,,0.714286,0.3037999995285645
graph,KI-014,known_item,OWNED_BY,,1,1.0,1,1,1,,,,False,,0.666667,0.21910000214120373
graph,KI-015,known_item,PERFORMED_AT,,1,1.0,1,1,1,,,,False,,0.708333,0.3921999959857203
graph,KI-016,known_item,REPORTED_ON,,1,1.0,1,1,1,,,,False,,0.75,0.3260000012232922
graph,KI-017,known_item,REPORTS_TO,,2,0.5,0,1,1,,,,False,,0.625,0.2564999958849512
graph,KI-018,known_item,SCHEDULED_ON,,1,1.0,1,1,1,,,,False,,0.777778,0.3778000027523376
graph,KI-019,known_item,SERVICES,,1,1.0,1,1,1,,,,False,,0.777778,0.3569999971659854
graph,KI-020,known_item,STATIONED_AT,,1,1.0,1,1,1,,,,False,,0.666667,0.23119999968912452
graph,KI-021,known_item,ASSIGNED_TO,,6,0.16666666666666666,0,0,1,,,,False,,0.722222,0.3319999959785491
graph,KI-022,known_item,HAS_CERT,,1,1.0,1,1,1,,,,False,,0.8,0.39449999894713983
graph,KI-023,known_item,HAS_MODEL,,1,1.0,1,1,1,,,,False,,0.916667,0.24149999808287248
graph,KI-024,known_item,HAS_SEVERITY,,1,1.0,1,1,1,,,,False,,0.857143,0.3727000002982095
graph,KI-025,known_item,HOMED_AT,,2,0.5,0,1,1,,,,False,,0.785714,0.2593000026536174
graph,KI-026,known_item,INVOLVES_EQUIPMENT,,5,0.2,0,1,1,,,,False,,0.666667,0.40160000207833946
graph,KI-027,known_item,INVOLVES_PERSON,,3,0.3333333333333333,0,1,1,,,,False,,0.714286,0.2817999993567355
graph,KI-028,known_item,LOCATED_IN,,2,0.5,0,1,1,,,,False,,0.642857,0.2148000057786703
graph,KI-029,known_item,MAINTAINED_BY,,3,0.3333333333333333,0,1,1,,,,False,,0.714286,0.23610000062035397
graph,KI-030,known_item,MANAGES,,1,1.0,1,1,1,,,,False,,0.714286,0.2271999983349815
graph,KI-031,known_item,MANUFACTURED_BY,,2,0.5,0,1,1,,,,False,,0.714286,0.22729999909643084
graph,KI-032,known_item,MEMBER_OF,,1,1.0,1,1,1,,,,False,,0.6875,0.32700000156182796
graph,KI-033,known_item,OCCURRED_AT,,4,0.25,0,1,1,,,,False,,0.714286,0.2858000007108785
graph,KI-034,known_item,OWNED_BY,,1,1.0,1,1,1,,,,False,,0.625,0.18090000230586156
graph,KI-035,known_item,PERFORMED_AT,,1,1.0,1,1,1,,,,False,,0.727273,0.36859999818261713
graph,KI-036,known_item,REPORTED_ON,,1,1.0,1,1,1,,,,False,,0.75,0.25009999808389693
graph,KI-037,known_item,REPORTS_TO,,2,0.5,0,1,1,,,,False,,0.625,0.16310000501107424
graph,KI-038,known_item,SCHEDULED_ON,,1,1.0,1,1,1,,,,False,,0.777778,0.2995999966515228
graph,KI-039,known_item,SERVICES,,1,1.0,1,1,1,,,,False,,0.75,0.30309999419841915
graph,KI-040,known_item,STATIONED_AT,,5,0.2,0,1,1,,,,False,,0.611111,0.20289999520173296
graph,KI-041,known_item,ASSIGNED_TO,,5,0.2,0,1,1,,,,False,,0.722222,0.2684999999473803
graph,KI-042,known_item,HAS_CERT,,1,1.0,1,1,1,,,,False,,0.777778,0.3915999986929819
graph,KI-043,known_item,HAS_MODEL,,1,1.0,1,1,1,,,,False,,0.833333,0.22369999351212755
graph,KI-044,known_item,HAS_SEVERITY,,1,1.0,1,1,1,,,,False,,0.857143,0.4030999989481643
graph,KI-045,known_item,HOMED_AT,,1,1.0,1,1,1,,,,False,,0.75,0.25129999994533136
graph,KI-046,known_item,INVOLVES_EQUIPMENT,,4,0.25,0,1,1,,,,False,,0.666667,0.534200000402052
graph,KI-047,known_item,INVOLVES_PERSON,,3,0.3333333333333333,0,1,1,,,,False,,0.714286,0.41340000461786985
graph,KI-048,known_item,LOCATED_IN,,2,0.5,0,1,1,,,,False,,0.642857,0.2590000003692694
graph,KI-049,known_item,MAINTAINED_BY,,3,0.3333333333333333,0,1,1,,,,False,,0.714286,0.222100003156811
graph,KI-050,known_item,MANAGES,,1,1.0,1,1,1,,,,False,,0.714286,0.23099999816622585
graph,KI-051,known_item,MANUFACTURED_BY,,1,1.0,1,1,1,,,,False,,0.785714,0.2884999994421378
graph,KI-052,known_item,MEMBER_OF,,1,1.0,1,1,1,,,,False,,0.6875,0.27409999893279746
graph,KI-053,known_item,OCCURRED_AT,,4,0.25,0,1,1,,,,False,,0.714286,0.2714000002015382
graph,KI-054,known_item,OWNED_BY,,1,1.0,1,1,1,,,,False,,0.666667,0.23459999647457153
graph,KI-055,known_item,PERFORMED_AT,,1,1.0,1,1,1,,,,False,,0.727273,0.4181000040262006
graph,KI-056,known_item,REPORTED_ON,,1,1.0,1,1,1,,,,False,,0.75,0.33179999445565045
graph,KI-057,known_item,REPORTS_TO,,2,0.5,0,1,1,,,,False,,0.625,0.2432000037515536
graph,KI-058,known_item,SCHEDULED_ON,,1,1.0,1,1,1,,,,False,,0.777778,0.3999999971711077
graph,KI-059,known_item,SERVICES,,1,1.0,1,1,1,,,,False,,0.777778,0.37180000072112307
graph,KI-060,known_item,STATIONED_AT,,1,1.0,1,1,1,,,,False,,0.666667,0.23379999765893444
graph,KI-061,known_item,ASSIGNED_TO,,1,1.0,1,1,1,,,,False,,0.727273,0.385600003937725
graph,KI-062,known_item,HAS_CERT,,1,1.0,1,1,1,,,,False,,0.777778,0.35319999733474106
graph,KI-063,known_item,HAS_MODEL,,1,1.0,1,1,1,,,,False,,0.833333,0.2275000006193295
graph,KI-064,known_item,HAS_SEVERITY,,1,1.0,1,1,1,,,,False,,0.857143,0.36420000105863437
graph,KI-065,known_item,HOMED_AT,,1,1.0,1,1,1,,,,False,,0.75,0.2356000040890649
graph,KI-066,known_item,INVOLVES_EQUIPMENT,,5,0.2,0,1,1,,,,False,,0.666667,0.4193999993731268
graph,KI-067,known_item,INVOLVES_PERSON,,3,0.3333333333333333,0,1,1,,,,False,,0.714286,0.2884999994421378
graph,KI-068,known_item,LOCATED_IN,,2,0.5,0,1,1,,,,False,,0.642857,0.20650000078603625
graph,KI-069,known_item,MAINTAINED_BY,,3,0.3333333333333333,0,1,1,,,,False,,0.714286,0.19579999934649095
graph,KI-070,known_item,MANAGES,,1,1.0,1,1,1,,,,False,,0.714286,0.20969999604858458
graph,KI-071,known_item,MANUFACTURED_BY,,1,1.0,1,1,1,,,,False,,0.785714,0.28759999986505136
graph,KI-072,known_item,MEMBER_OF,,1,1.0,1,1,1,,,,False,,0.6875,0.26509999588597566
graph,KI-073,known_item,OCCURRED_AT,,5,0.2,0,1,1,,,,False,,0.714286,0.2705000006244518
graph,KI-074,known_item,OWNED_BY,,1,1.0,1,1,1,,,,False,,0.666667,0.28589999419637024
graph,KI-075,known_item,PERFORMED_AT,,1,1.0,1,1,1,,,,False,,0.727273,0.4015000013168901
graph,KI-076,known_item,REPORTED_ON,,1,1.0,1,1,1,,,,False,,0.75,0.3504999986034818
graph,KI-077,known_item,REPORTS_TO,,2,0.5,0,1,1,,,,False,,0.625,0.2182000025641173
graph,KI-078,known_item,SCHEDULED_ON,,1,1.0,1,1,1,,,,False,,0.777778,0.3985999937867746
graph,KI-079,known_item,SERVICES,,1,1.0,1,1,1,,,,False,,0.777778,0.37370000063674524
graph,KI-080,known_item,STATIONED_AT,,1,1.0,1,1,1,,,,False,,0.666667,0.2317000034963712
graph,KI-081,known_item,ASSIGNED_TO,,1,1.0,1,1,1,,,,False,,0.727273,0.38580000546062365
graph,KI-082,known_item,HAS_CERT,,1,1.0,1,1,1,,,,False,,0.777778,0.33799999800976366
graph,KI-083,known_item,HAS_MODEL,,1,1.0,1,1,1,,,,False,,0.833333,0.2119999990100041
graph,KI-084,known_item,HAS_SEVERITY,,1,1.0,1,1,1,,,,False,,0.857143,0.36559999716700986
graph,KI-085,known_item,HOMED_AT,,1,1.0,1,1,1,,,,False,,0.722222,0.14959999680286273
graph,KI-086,known_item,INVOLVES_EQUIPMENT,,5,0.2,0,1,1,,,,False,,0.666667,0.30229999538278207
graph,KI-087,known_item,INVOLVES_PERSON,,3,0.3333333333333333,0,1,1,,,,False,,0.714286,0.22699999681208283
graph,KI-088,known_item,LOCATED_IN,,2,0.5,0,1,1,,,,False,,0.642857,0.24550000671297312
graph,KI-089,known_item,MAINTAINED_BY,,3,0.3333333333333333,0,1,1,,,,False,,0.6875,0.2854999984265305
graph,KI-090,known_item,MANAGES,,1,1.0,1,1,1,,,,False,,0.714286,0.22799999715061858
graph,KI-091,known_item,MANUFACTURED_BY,,1,1.0,1,1,1,,,,False,,0.75,0.2777999980025925
graph,KI-092,known_item,MEMBER_OF,,1,1.0,1,1,1,,,,False,,0.6875,0.28359999851090834
graph,KI-093,known_item,OCCURRED_AT,,5,0.2,0,1,1,,,,False,,0.714286,0.26790000265464187
graph,KI-094,known_item,OWNED_BY,,1,1.0,1,1,1,,,,False,,0.666667,0.27879999834112823
graph,KI-095,known_item,PERFORMED_AT,,1,1.0,1,1,1,,,,False,,0.708333,0.38559999666176736
graph,KI-096,known_item,REPORTED_ON,,1,1.0,1,1,1,,,,False,,0.75,0.33540000003995374
graph,KI-097,known_item,REPORTS_TO,,5,0.2,0,1,1,,,,False,,0.642857,0.2015000063693151
graph,KI-098,known_item,SCHEDULED_ON,,1,1.0,1,1,1,,,,False,,0.777778,0.5231000031926669
graph,KI-099,known_item,SERVICES,,1,1.0,1,1,1,,,,False,,0.75,0.7555000047432259
graph,KI-100,known_item,STATIONED_AT,,5,0.2,0,1,1,,,,False,,0.611111,0.4932000010740012
graph,KI-101,known_item,ASSIGNED_TO,,5,0.2,0,1,1,,,,False,,0.722222,0.4188999955658801
graph,KI-102,known_item,HAS_CERT,,1,1.0,1,1,1,,,,False,,0.777778,0.4082999948877841
graph,KI-103,known_item,HAS_MODEL,,1,1.0,1,1,1,,,,False,,0.833333,0.25579999783076346
graph,KI-104,known_item,HAS_SEVERITY,,1,1.0,1,1,1,,,,False,,0.857143,0.39090000063879415
graph,KI-105,known_item,HOMED_AT,,1,1.0,1,1,1,,,,False,,0.722222,0.258400003076531
graph,KI-106,known_item,INVOLVES_EQUIPMENT,,4,0.25,0,1,1,,,,False,,0.666667,0.5203000036999583
graph,KI-107,known_item,INVOLVES_PERSON,,3,0.3333333333333333,0,1,1,,,,False,,0.714286,0.36270000418880954
graph,KI-108,known_item,LOCATED_IN,,2,0.5,0,1,1,,,,False,,0.642857,0.2223999981652014
graph,KI-109,known_item,MAINTAINED_BY,,3,0.3333333333333333,0,1,1,,,,False,,0.6875,0.30780000088270754
graph,KI-110,known_item,MANAGES,,1,1.0,1,1,1,,,,False,,0.714286,0.27639999461825937
graph,KI-111,known_item,MANUFACTURED_BY,,2,0.5,0,1,1,,,,False,,0.714286,0.27660000341711566
graph,KI-112,known_item,MEMBER_OF,,1,1.0,1,1,1,,,,False,,0.6875,0.3175000019837171
graph,KI-113,known_item,OCCURRED_AT,,5,0.2,0,1,1,,,,False,,0.714286,0.3297000002930872
graph,KI-114,known_item,OWNED_BY,,2,0.5,0,1,1,,,,False,,0.625,0.23540000256616622
graph,KI-115,known_item,PERFORMED_AT,,1,1.0,1,1,1,,,,False,,0.727273,0.42830000165849924
graph,KI-116,known_item,REPORTED_ON,,1,1.0,1,1,1,,,,False,,0.75,0.3569000036804937
graph,KI-117,known_item,REPORTS_TO,,2,0.5,0,1,1,,,,False,,0.625,0.18650000129127875
graph,KI-118,known_item,SCHEDULED_ON,,1,1.0,1,1,1,,,,False,,0.777778,0.2966999963973649
graph,KI-119,known_item,SERVICES,,1,1.0,1,1,1,,,,False,,0.75,0.2776000037556514
graph,KI-120,known_item,STATIONED_AT,,1,1.0,1,1,1,,,,False,,0.666667,0.29579999682027847
graph,KI-121,known_item,ASSIGNED_TO,,1,1.0,1,1,1,,,,False,,0.708333,0.4776999994646758
graph,KI-122,known_item,HAS_CERT,,1,1.0,1,1,1,,,,False,,0.777778,0.36670000554295257
graph,KI-123,known_item,HAS_MODEL,,1,1.0,1,1,1,,,,False,,0.833333,0.26419999630888924
graph,KI-124,known_item,HAS_SEVERITY,,1,1.0,1,1,1,,,,False,,0.857143,0.42499999835854396
graph,KI-125,known_item,HOMED_AT,,1,1.0,1,1,1,,,,False,,0.722222,0.18529999942984432
graph,KI-126,known_item,INVOLVES_EQUIPMENT,,4,0.25,0,1,1,,,,False,,0.666667,0.4837000014958903
graph,KI-127,known_item,INVOLVES_PERSON,,3,0.3333333333333333,0,1,1,,,,False,,0.714286,0.3428999989409931
graph,KI-128,known_item,LOCATED_IN,,2,0.5,0,1,1,,,,False,,0.6875,0.27550000231713057
graph,KI-129,known_item,MAINTAINED_BY,,3,0.3333333333333333,0,1,1,,,,False,,0.6875,0.29779999749735
graph,KI-130,known_item,MANUFACTURED_BY,,1,1.0,1,1,1,,,,False,,0.8125,0.30020000122021884
graph,KI-131,known_item,MEMBER_OF,,1,1.0,1,1,1,,,,False,,0.6875,0.29489999724319205
graph,KI-132,known_item,OCCURRED_AT,,4,0.25,0,1,1,,,,False,,0.714286,0.37960000190651044
graph,KI-133,known_item,OWNED_BY,,1,1.0,1,1,1,,,,False,,0.625,0.2879999956348911
graph,KI-134,known_item,PERFORMED_AT,,1,1.0,1,1,1,,,,False,,0.727273,0.5489000031957403
graph,KI-135,known_item,REPORTED_ON,,1,1.0,1,1,1,,,,False,,0.75,0.4676000025938265
graph,KI-136,known_item,REPORTS_TO,,2,0.5,0,1,1,,,,False,,0.625,0.33149999944726005
graph,KI-137,known_item,SCHEDULED_ON,,1,1.0,1,1,1,,,,False,,0.777778,0.6088000009185635
graph,KI-138,known_item,SERVICES,,1,1.0,1,1,1,,,,False,,0.777778,0.3378999972483143
graph,KI-139,known_item,STATIONED_AT,,1,1.0,1,1,1,,,,False,,0.666667,0.30649999825982377
graph,KI-140,known_item,ASSIGNED_TO,,5,0.2,0,1,1,,,,False,,0.722222,0.35149999894201756
graph,KI-141,known_item,HAS_CERT,,1,1.0,1,1,1,,,,False,,0.8,0.41539999801898375
graph,KI-142,known_item,HAS_MODEL,,1,1.0,1,1,1,,,,False,,0.833333,0.24980000307550654
graph,KI-143,known_item,HAS_SEVERITY,,1,1.0,1,1,1,,,,False,,0.857143,0.4654000003938563
graph,KI-144,known_item,HOMED_AT,,1,1.0,1,1,1,,,,False,,0.722222,0.2520000052754767
graph,KI-145,known_item,INVOLVES_EQUIPMENT,,5,0.2,0,1,1,,,,False,,0.666667,0.5063999997219071
graph,KI-146,known_item,INVOLVES_PERSON,,3,0.3333333333333333,0,1,1,,,,False,,0.714286,0.39480000123148784
graph,KI-147,known_item,LOCATED_IN,,1,1.0,1,1,1,,,,False,,0.75,0.2913999996962957
graph,KI-148,known_item,MAINTAINED_BY,,3,0.3333333333333333,0,1,1,,,,False,,0.714286,0.27159999444847926
graph,KI-149,known_item,MANUFACTURED_BY,,2,0.5,0,1,1,,,,False,,0.714286,0.20280000171624124
graph,KI-150,known_item,MEMBER_OF,,1,1.0,1,1,1,,,,False,,0.6875,0.2750999992713332
graph,MH-001,multi_hop,,2,,,,,,0,0,0.5,False,,0.666667,0.46149999980116263
graph,MH-002,multi_hop,,2,,,,,,1,1,1.0,False,,0.692308,0.5000000019208528
graph,MH-003,multi_hop,,3,,,,,,0,0,0.6666666666666666,False,,0.678571,0.5260999969323166
graph,MH-004,multi_hop,,3,,,,,,0,0,0.6666666666666666,False,,0.642857,0.5662999974447303
graph,MH-005,multi_hop,,2,,,,,,1,1,1.0,False,,0.65,0.3679000001284294
graph,MH-006,multi_hop,,2,,,,,,1,1,1.0,False,,0.666667,0.2530000056140125
graph,MH-007,multi_hop,,2,,,,,,1,1,1.0,False,,0.666667,0.3184999950462952
graph,MH-008,multi_hop,,2,,,,,,0,0,0.5,False,,0.65,0.33489999623270705
graph,MH-009,multi_hop,,2,,,,,,1,1,1.0,False,,0.692308,0.3099999958067201
graph,MH-010,multi_hop,,2,,,,,,1,1,1.0,False,,0.692308,0.4236000022501685
graph,MH-011,multi_hop,,3,,,,,,0,0,0.6666666666666666,False,,0.653846,0.3690000012284145
graph,MH-012,multi_hop,,2,,,,,,0,0,0.5,False,,0.666667,0.2932999996119179
graph,MH-013,multi_hop,,2,,,,,,1,1,1.0,False,,0.708333,0.3575999944587238
graph,MH-014,multi_hop,,3,,,,,,0,0,0.6666666666666666,False,,0.678571,0.3556000010576099
graph,MH-015,multi_hop,,3,,,,,,0,0,0.6666666666666666,False,,0.642857,0.38380000478355214
graph,MH-016,multi_hop,,2,,,,,,1,1,1.0,False,,0.65,0.30640000477433205
graph,MH-017,multi_hop,,2,,,,,,1,1,1.0,False,,0.681818,0.24340000527445227
graph,MH-018,multi_hop,,2,,,,,,1,1,1.0,False,,0.666667,0.3260999947087839
graph,MH-019,multi_hop,,2,,,,,,0,0,0.5,False,,0.65,0.29799999902024865
graph,MH-020,multi_hop,,2,,,,,,1,1,1.0,False,,0.708333,0.30300000071292743
graph,MH-021,multi_hop,,2,,,,,,1,1,1.0,False,,0.692308,0.36299999919719994
graph,MH-022,multi_hop,,3,,,,,,0,0,0.6666666666666666,False,,0.653846,0.5652999971061945
graph,MH-023,multi_hop,,2,,,,,,0,0,0.5,False,,0.666667,0.42240000038873404
graph,MH-024,multi_hop,,2,,,,,,1,1,1.0,False,,0.692308,0.38410000706790015
graph,MH-025,multi_hop,,3,,,,,,0,0,0.6666666666666666,False,,0.692308,0.6006000039633363
graph,MH-026,multi_hop,,3,,,,,,0,0,0.6666666666666666,False,,0.653846,0.6292000034591183
graph,MH-027,multi_hop,,2,,,,,,1,1,1.0,False,,0.65,0.5124999952386133
graph,MH-028,multi_hop,,2,,,,,,1,1,1.0,False,,0.681818,0.3152999997837469
graph,MH-029,multi_hop,,2,,,,,,1,1,1.0,False,,0.666667,0.3559000033419579
graph,MH-030,multi_hop,,2,,,,,,0,0,0.5,False,,0.65,0.516500003868714
graph,DX-001,distractor,,,,,,,,,,,True,1,0.0,0.25009999808389693
graph,DX-002,distractor,,,,,,,,,,,True,1,0.0,0.276099999609869
graph,DX-003,distractor,,,,,,,,,,,True,1,0.0,0.19020000036107376
graph,DX-004,distractor,,,,,,,,,,,True,1,0.0,0.23499999952036887
graph,DX-005,distractor,,,,,,,,,,,True,1,0.0,0.24159999884432182
graph,DX-006,distractor,,,,,,,,,,,True,1,0.0,0.2972999936901033
graph,DX-007,distractor,,,,,,,,,,,True,1,0.0,0.229199999012053
graph,DX-008,distractor,,,,,,,,,,,True,1,0.0,0.1277999981539324
graph,DX-009,distractor,,,,,,,,,,,True,1,0.0,0.16309999773511663
graph,DX-010,distractor,,,,,,,,,,,True,1,0.0,0.4611000040313229
graph,DX-011,distractor,,,,,,,,,,,True,1,0.0,0.24880000273697078
graph,DX-012,distractor,,,,,,,,,,,True,1,0.0,0.23610000062035397
graph,DX-013,distractor,,,,,,,,,,,True,1,0.0,0.1674999948590994
graph,DX-014,distractor,,,,,,,,,,,True,1,0.0,0.2294000005349517
graph,DX-015,distractor,,,,,,,,,,,True,1,0.0,0.18540000019129366
graph,DX-016,distractor,,,,,,,,,,,True,1,0.0,0.28200000087963417
graph,DX-017,distractor,,,,,,,,,,,True,1,0.0,0.28639999800361693
graph,DX-018,distractor,,,,,,,,,,,True,1,0.0,0.1875000016298145
graph,DX-019,distractor,,,,,,,,,,,True,1,0.0,0.15430000348715112
graph,DX-020,distractor,,,,,,,,,,,True,1,0.0,0.28509999538073316
hybrid,KI-001,known_item,ASSIGNED_TO,,6,0.16666666666666666,0,0,1,,,,False,,0.062795,9.26679999975022
hybrid,KI-002,known_item,HAS_CERT,,1,1.0,1,1,1,,,,False,,0.065574,9.086799997021444
hybrid,KI-003,known_item,HAS_MODEL,,1,1.0,1,1,1,,,,False,,0.065574,8.1854999953066
hybrid,KI-004,known_item,HAS_SEVERITY,,1,1.0,1,1,1,,,,False,,0.062338,8.74189999740338
hybrid,KI-005,known_item,HOMED_AT,,1,1.0,1,1,1,,,,False,,0.065053,8.97899999836227
hybrid,KI-006,known_item,INVOLVES_EQUIPMENT,,5,0.2,0,1,1,,,,False,,0.061901,8.767599996645004
hybrid,KI-007,known_item,INVOLVES_PERSON,,4,0.25,0,1,1,,,,False,,0.064781,7.726600000751205
hybrid,KI-008,known_item,LOCATED_IN,,1,1.0,1,1,1,,,,False,,0.064781,8.624900001450442
hybrid,KI-009,known_item,MAINTAINED_BY,,4,0.25,0,1,1,,,,False,,0.063886,8.333199999469798
hybrid,KI-010,known_item,MANAGES,,1,1.0,1,1,1,,,,False,,0.065574,9.106699995754752
hybrid,KI-011,known_item,MANUFACTURED_BY,,1,1.0,1,1,1,,,,False,,0.065309,8.670600000186823
hybrid,KI-012,known_item,MEMBER_OF,,1,1.0,1,1,1,,,,False,,0.065574,9.474099999351893
hybrid,KI-013,known_item,OCCURRED_AT,,2,0.5,0,1,1,,,,False,,0.064036,7.632799999555573
hybrid,KI-014,known_item,OWNED_BY,,1,1.0,1,1,1,,,,False,,0.065574,8.18539999454515
hybrid,KI-015,known_item,PERFORMED_AT,,1,1.0,1,1,1,,,,False,,0.065574,8.900499997253064
hybrid,KI-016,known_item,REPORTED_ON,,1,1.0,1,1,1,,,,False,,0.065574,9.373500004585367
hybrid,KI-017,known_item,REPORTS_TO,,2,0.5,0,1,1,,,,False,,0.064789,8.14169999648584
hybrid,KI-018,known_item,SCHEDULED_ON,,1,1.0,1,1,1,,,,False,,0.064106,10.60190000134753
hybrid,KI-019,known_item,SERVICES,,1,1.0,1,1,1,,,,False,,0.04918,9.920500000589527
hybrid,KI-020,known_item,STATIONED_AT,,1,1.0,1,1,1,,,,False,,0.065574,9.060100004717242
hybrid,KI-021,known_item,ASSIGNED_TO,,6,0.16666666666666666,0,0,1,,,,False,,0.062136,9.845900000073016
hybrid,KI-022,known_item,HAS_CERT,,1,1.0,1,1,1,,,,False,,0.065574,8.472200002870522
hybrid,KI-023,known_item,HAS_MODEL,,1,1.0,1,1,1,,,,False,,0.065574,9.933500004990492
hybrid,KI-024,known_item,HAS_SEVERITY,,1,1.0,1,1,1,,,,False,,0.064565,14.181400001689326
hybrid,KI-025,known_item,HOMED_AT,,1,1.0,1,1,1,,,,False,,0.065045,8.337899998878129
hybrid,KI-026,known_item,INVOLVES_EQUIPMENT,,5,0.2,0,1,1,,,,False,,0.063028,8.87230000080308
hybrid,KI-027,known_item,INVOLVES_PERSON,,3,0.3333333333333333,0,1,1,,,,False,,0.064781,7.702700000663754
hybrid,KI-028,known_item,LOCATED_IN,,2,0.5,0,1,1,,,,False,,0.064541,8.82860000274377
hybrid,KI-029,known_item,MAINTAINED_BY,,1,1.0,1,1,1,,,,False,,0.062632,8.302900001581293
hybrid,KI-030,known_item,MANAGES,,1,1.0,1,1,1,,,,False,,0.065574,8.1415000022389
hybrid,KI-031,known_item,MANUFACTURED_BY,,2,0.5,0,1,1,,,,False,,0.064805,7.100499999069143
hybrid,KI-032,known_item,MEMBER_OF,,1,1.0,1,1,1,,,,False,,0.065574,7.5959000023431145
hybrid,KI-033,known_item,OCCURRED_AT,,2,0.5,0,1,1,,,,False,,0.064525,8.595699997385964
hybrid,KI-034,known_item,OWNED_BY,,1,1.0,1,1,1,,,,False,,0.065574,8.062100001552608
hybrid,KI-035,known_item,PERFORMED_AT,,2,0.5,0,1,1,,,,False,,0.061764,9.565899999870453
hybrid,KI-036,known_item,REPORTED_ON,,1,1.0,1,1,1,,,,False,,0.065574,8.96900000225287
hybrid,KI-037,known_item,REPORTS_TO,,2,0.5,0,1,1,,,,False,,0.065309,8.975099997769576
hybrid,KI-038,known_item,SCHEDULED_ON,,1,1.0,1,1,1,,,,False,,0.065574,9.95870000042487
hybrid,KI-039,known_item,SERVICES,,1,1.0,1,1,1,,,,False,,0.065574,10.276400003931485
hybrid,KI-040,known_item,STATIONED_AT,,4,0.25,0,1,1,,,,False,,0.063797,9.792400000151247
hybrid,KI-041,known_item,ASSIGNED_TO,,6,0.16666666666666666,0,0,1,,,,False,,0.063524,9.517899998172652
hybrid,KI-042,known_item,HAS_CERT,,1,1.0,1,1,1,,,,False,,0.065574,8.33690000581555
hybrid,KI-043,known_item,HAS_MODEL,,1,1.0,1,1,1,,,,False,,0.065574,9.430300000531133
hybrid,KI-044,known_item,HAS_SEVERITY,,1,1.0,1,1,1,,,,False,,0.065574,7.719699999142904
hybrid,KI-045,known_item,HOMED_AT,,1,1.0,1,1,1,,,,False,,0.064805,9.98559999425197
hybrid,KI-046,known_item,INVOLVES_EQUIPMENT,,5,0.2,0,1,1,,,,False,,0.062514,7.770000003802124
hybrid,KI-047,known_item,INVOLVES_PERSON,,4,0.25,0,1,1,,,,False,,0.064781,8.919899999455083
hybrid,KI-048,known_item,LOCATED_IN,,1,1.0,1,1,1,,,,False,,0.064516,8.773599998676218
hybrid,KI-049,known_item,MAINTAINED_BY,,4,0.25,0,1,1,,,,False,,0.063466,7.820899998478126
hybrid,KI-050,known_item,MANAGES,,1,1.0,1,1,1,,,,False,,0.065574,7.484099995053839
hybrid,KI-051,known_item,MANUFACTURED_BY,,1,1.0,1,1,1,,,,False,,0.065053,8.902600005967543
hybrid,KI-052,known_item,MEMBER_OF,,1,1.0,1,1,1,,,,False,,0.065574,8.150499998009764
hybrid,KI-053,known_item,OCCURRED_AT,,2,0.5,0,1,1,,,,False,,0.064277,8.594200000516139
hybrid,KI-054,known_item,OWNED_BY,,1,1.0,1,1,1,,,,False,,0.065574,7.244500004162546
hybrid,KI-055,known_item,PERFORMED_AT,,1,1.0,1,1,1,,,,False,,0.04918,27.34760000021197
hybrid,KI-056,known_item,REPORTED_ON,,1,1.0,1,1,1,,,,False,,0.065574,9.127700002864003
hybrid,KI-057,known_item,REPORTS_TO,,1,1.0,1,1,1,,,,False,,0.065045,7.939399998576846
hybrid,KI-058,known_item,SCHEDULED_ON,,1,1.0,1,1,1,,,,False,,0.065053,12.302299997827504
hybrid,KI-059,known_item,SERVICES,,1,1.0,1,1,1,,,,False,,0.062879,9.64419999945676
hybrid,KI-060,known_item,STATIONED_AT,,1,1.0,1,1,1,,,,False,,0.065574,9.31259999924805
hybrid,KI-061,known_item,ASSIGNED_TO,,1,1.0,1,1,1,,,,False,,0.04918,9.974900000088383
hybrid,KI-062,known_item,HAS_CERT,,1,1.0,1,1,1,,,,False,,0.065574,8.534499997040257
hybrid,KI-063,known_item,HAS_MODEL,,1,1.0,1,1,1,,,,False,,0.065574,8.286099997349083
hybrid,KI-064,known_item,HAS_SEVERITY,,1,1.0,1,1,1,,,,False,,0.064106,8.880900000804104
hybrid,KI-065,known_item,HOMED_AT,,1,1.0,1,1,1,,,,False,,0.065574,8.093799995549489
hybrid,KI-066,known_item,INVOLVES_EQUIPMENT,,5,0.2,0,1,1,,,,False,,0.062086,9.78719999693567
hybrid,KI-067,known_item,INVOLVES_PERSON,,3,0.3333333333333333,0,1,1,,,,False,,0.064781,7.796400001097936
hybrid,KI-068,known_item,LOCATED_IN,,1,1.0,1,1,1,,,,False,,0.065045,8.668700000271201
hybrid,KI-069,known_item,MAINTAINED_BY,,2,0.5,0,1,1,,,,False,,0.065053,8.001599999261089
hybrid,KI-070,known_item,MANAGES,,1,1.0,1,1,1,,,,False,,0.065574,8.465900005830918
hybrid,KI-071,known_item,MANUFACTURED_BY,,1,1.0,1,1,1,,,,False,,0.065574,8.646499998576473
hybrid,KI-072,known_item,MEMBER_OF,,1,1.0,1,1,1,,,,False,,0.065574,8.969700000307057
hybrid,KI-073,known_item,OCCURRED_AT,,5,0.2,0,1,1,,,,False,,0.064277,9.967199999664444
hybrid,KI-074,known_item,OWNED_BY,,1,1.0,1,1,1,,,,False,,0.065574,7.982399998581968
hybrid,KI-075,known_item,PERFORMED_AT,,1,1.0,1,1,1,,,,False,,0.064332,10.030700002971571
hybrid,KI-076,known_item,REPORTED_ON,,1,1.0,1,1,1,,,,False,,0.065574,8.28140000521671
hybrid,KI-077,known_item,REPORTS_TO,,1,1.0,1,1,1,,,,False,,0.065045,8.80959999631159
hybrid,KI-078,known_item,SCHEDULED_ON,,1,1.0,1,1,1,,,,False,,0.065574,9.68750000174623
hybrid,KI-079,known_item,SERVICES,,1,1.0,1,1,1,,,,False,,0.04918,9.956200003216509
hybrid,KI-080,known_item,STATIONED_AT,,1,1.0,1,1,1,,,,False,,0.065574,9.061700002348516
hybrid,KI-081,known_item,ASSIGNED_TO,,1,1.0,1,1,1,,,,False,,0.04918,9.456899999349844
hybrid,KI-082,known_item,HAS_CERT,,1,1.0,1,1,1,,,,False,,0.065574,9.096399997361004
hybrid,KI-083,known_item,HAS_MODEL,,1,1.0,1,1,1,,,,False,,0.065574,7.677900000999216
hybrid,KI-084,known_item,HAS_SEVERITY,,1,1.0,1,1,1,,,,False,,0.065574,9.069300002011005
hybrid,KI-085,known_item,HOMED_AT,,1,1.0,1,1,1,,,,False,,0.065574,8.910199998354074
hybrid,KI-086,known_item,INVOLVES_EQUIPMENT,,5,0.2,0,1,1,,,,False,,0.062879,7.666800003789831
hybrid,KI-087,known_item,INVOLVES_PERSON,,3,0.3333333333333333,0,1,1,,,,False,,0.064781,8.266500000900123
hybrid,KI-088,known_item,LOCATED_IN,,1,1.0,1,1,1,,,,False,,0.065045,8.947700000135228
hybrid,KI-089,known_item,MAINTAINED_BY,,3,0.3333333333333333,0,1,1,,,,False,,0.065309,9.144299998297356
hybrid,KI-090,known_item,MANAGES,,1,1.0,1,1,1,,,,False,,0.065574,7.634100002178457
hybrid,KI-091,known_item,MANUFACTURED_BY,,1,1.0,1,1,1,,,,False,,0.065574,9.264400003303308
hybrid,KI-092,known_item,MEMBER_OF,,1,1.0,1,1,1,,,,False,,0.065574,8.815199995297007
hybrid,KI-093,known_item,OCCURRED_AT,,5,0.2,0,1,1,,,,False,,0.064277,8.959999999206048
hybrid,KI-094,known_item,OWNED_BY,,1,1.0,1,1,1,,,,False,,0.065574,7.859999997890554
hybrid,KI-095,known_item,PERFORMED_AT,,1,1.0,1,1,1,,,,False,,0.065574,11.392200001864694
hybrid,KI-096,known_item,REPORTED_ON,,1,1.0,1,1,1,,,,False,,0.065574,9.24010000017006
hybrid,KI-097,known_item,REPORTS_TO,,2,0.5,0,1,1,,,,False,,0.062023,10.021500005677808
hybrid,KI-098,known_item,SCHEDULED_ON,,1,1.0,1,1,1,,,,False,,0.065053,10.878300003241748
hybrid,KI-099,known_item,SERVICES,,1,1.0,1,1,1,,,,False,,0.062338,10.640699998475611
hybrid,KI-100,known_item,STATIONED_AT,,4,0.25,0,1,1,,,,False,,0.064789,11.543399996298831
hybrid,KI-101,known_item,ASSIGNED_TO,,5,0.2,0,1,1,,,,False,,0.048412,9.459499997319654
hybrid,KI-102,known_item,HAS_CERT,,1,1.0,1,1,1,,,,False,,0.065574,7.997000000614207
hybrid,KI-103,known_item,HAS_MODEL,,1,1.0,1,1,1,,,,False,,0.065574,8.646100002806634
hybrid,KI-104,known_item,HAS_SEVERITY,,1,1.0,1,1,1,,,,False,,0.065574,7.630000000062864
hybrid,KI-105,known_item,HOMED_AT,,1,1.0,1,1,1,,,,False,,0.065574,9.468200005358085
hybrid,KI-106,known_item,INVOLVES_EQUIPMENT,,5,0.2,0,1,1,,,,False,,0.062673,8.731099995202385
hybrid,KI-107,known_item,INVOLVES_PERSON,,4,0.25,0,1,1,,,,False,,0.064781,9.86929999635322
hybrid,KI-108,known_item,LOCATED_IN,,1,1.0,1,1,1,,,,False,,0.065045,7.534500000474509
hybrid,KI-109,known_item,MAINTAINED_BY,,4,0.25,0,1,1,,,,False,,0.065309,9.659800001827534
hybrid,KI-110,known_item,MANAGES,,1,1.0,1,1,1,,,,False,,0.065574,7.054100002278574
hybrid,KI-111,known_item,MANUFACTURED_BY,,1,1.0,1,1,1,,,,False,,0.064516,9.88369999686256
hybrid,KI-112,known_item,MEMBER_OF,,1,1.0,1,1,1,,,,False,,0.065574,8.297000000311527
hybrid,KI-113,known_item,OCCURRED_AT,,5,0.2,0,1,1,,,,False,,0.064277,9.124299998802599
hybrid,KI-114,known_item,OWNED_BY,,1,1.0,1,1,1,,,,False,,0.065045,6.050200005120132
hybrid,KI-115,known_item,PERFORMED_AT,,1,1.0,1,1,1,,,,False,,0.04918,10.798700001032557
hybrid,KI-116,known_item,REPORTED_ON,,1,1.0,1,1,1,,,,False,,0.065574,8.828099998936523
hybrid,KI-117,known_item,REPORTS_TO,,1,1.0,1,1,1,,,,False,,0.065045,9.39980000111973
hybrid,KI-118,known_item,SCHEDULED_ON,,1,1.0,1,1,1,,,,False,,0.065574,10.412299998279195
hybrid,KI-119,known_item,SERVICES,,1,1.0,1,1,1,,,,False,,0.065574,8.921500004362315
hybrid,KI-120,known_item,STATIONED_AT,,1,1.0,1,1,1,,,,False,,0.065574,10.431399998196866
hybrid,KI-121,known_item,ASSIGNED_TO,,1,1.0,1,1,1,,,,False,,0.04918,10.030799996457063
hybrid,KI-122,known_item,HAS_CERT,,1,1.0,1,1,1,,,,False,,0.065574,9.413899999344721
hybrid,KI-123,known_item,HAS_MODEL,,1,1.0,1,1,1,,,,False,,0.065574,7.7788000053260475
hybrid,KI-124,known_item,HAS_SEVERITY,,1,1.0,1,1,1,,,,False,,0.065309,9.235000004991889
hybrid,KI-125,known_item,HOMED_AT,,1,1.0,1,1,1,,,,False,,0.065574,8.558200002880767
hybrid,KI-126,known_item,INVOLVES_EQUIPMENT,,5,0.2,0,1,1,,,,False,,0.062001,10.8468999969773
hybrid,KI-127,known_item,INVOLVES_PERSON,,4,0.25,0,1,1,,,,False,,0.06426,12.240099997143261
hybrid,KI-128,known_item,LOCATED_IN,,2,0.5,0,1,1,,,,False,,0.065045,8.389800001168624
hybrid,KI-129,known_item,MAINTAINED_BY,,4,0.25,0,1,1,,,,False,,0.062694,9.589700006472412
hybrid,KI-130,known_item,MANUFACTURED_BY,,1,1.0,1,1,1,,,,False,,0.065574,7.520499995735008
hybrid,KI-131,known_item,MEMBER_OF,,1,1.0,1,1,1,,,,False,,0.065574,9.800600004382432
hybrid,KI-132,known_item,OCCURRED_AT,,4,0.25,0,1,1,,,,False,,0.064036,8.364599998458289
hybrid,KI-133,known_item,OWNED_BY,,1,1.0,1,1,1,,,,False,,0.065574,9.577400000125635
hybrid,KI-134,known_item,PERFORMED_AT,,1,1.0,1,1,1,,,,False,,0.062879,11.220799999136943
hybrid,KI-135,known_item,REPORTED_ON,,1,1.0,1,1,1,,,,False,,0.065574,7.717699998465832
hybrid,KI-136,known_item,REPORTS_TO,,1,1.0,1,1,1,,,,False,,0.065045,9.109899998293258
hybrid,KI-137,known_item,SCHEDULED_ON,,1,1.0,1,1,1,,,,False,,0.065309,9.656599999289028
hybrid,KI-138,known_item,SERVICES,,1,1.0,1,1,1,,,,False,,0.04918,10.003700001107063
hybrid,KI-139,known_item,STATIONED_AT,,1,1.0,1,1,1,,,,False,,0.065574,6.9125000009080395
hybrid,KI-140,known_item,ASSIGNED_TO,,5,0.2,0,1,1,,,,False,,0.048916,10.074699996039271
hybrid,KI-141,known_item,HAS_CERT,,1,1.0,1,1,1,,,,False,,0.065574,8.967299996584188
hybrid,KI-142,known_item,HAS_MODEL,,1,1.0,1,1,1,,,,False,,0.065574,8.759500000451226
hybrid,KI-143,known_item,HAS_SEVERITY,,1,1.0,1,1,1,,,,False,,0.065053,8.725599996978417
hybrid,KI-144,known_item,HOMED_AT,,1,1.0,1,1,1,,,,False,,0.065574,8.927599999879021
hybrid,KI-145,known_item,INVOLVES_EQUIPMENT,,5,0.2,0,1,1,,,,False,,0.062879,9.871099995507393
hybrid,KI-146,known_item,INVOLVES_PERSON,,3,0.3333333333333333,0,1,1,,,,False,,0.065309,7.365499994193669
hybrid,KI-147,known_item,LOCATED_IN,,1,1.0,1,1,1,,,,False,,0.065574,8.982599996670615
hybrid,KI-148,known_item,MAINTAINED_BY,,1,1.0,1,1,1,,,,False,,0.063492,7.938700000522658
hybrid,KI-149,known_item,MANUFACTURED_BY,,1,1.0,1,1,1,,,,False,,0.064781,7.86320000042906
hybrid,KI-150,known_item,MEMBER_OF,,1,1.0,1,1,1,,,,False,,0.065574,8.287199998449069
hybrid,MH-001,multi_hop,,2,,,,,,0,0,0.5,False,,0.04866,10.72310000017751
hybrid,MH-002,multi_hop,,2,,,,,,1,1,1.0,False,,0.064781,10.241900003165938
hybrid,MH-003,multi_hop,,3,,,,,,0,0,0.6666666666666666,False,,0.04918,11.571099996217526
hybrid,MH-004,multi_hop,,3,,,,,,0,0,0.6666666666666666,False,,0.063118,10.17169999977341
hybrid,MH-005,multi_hop,,2,,,,,,1,1,1.0,False,,0.061079,8.941600004618522
hybrid,MH-006,multi_hop,,2,,,,,,1,1,1.0,False,,0.065574,9.890300003462471
hybrid,MH-007,multi_hop,,2,,,,,,1,1,1.0,False,,0.06157,9.378900002047885
hybrid,MH-008,multi_hop,,2,,,,,,0,0,0.5,False,,0.061574,9.39519999519689
hybrid,MH-009,multi_hop,,2,,,,,,1,1,1.0,False,,0.04918,9.374100001878105
hybrid,MH-010,multi_hop,,2,,,,,,0,0,0.5,False,,0.04918,11.784899994381703
hybrid,MH-011,multi_hop,,3,,,,,,0,0,0.6666666666666666,False,,0.065574,10.266400000546128
hybrid,MH-012,multi_hop,,2,,,,,,0,0,0.5,False,,0.04918,9.142400005657692
hybrid,MH-013,multi_hop,,2,,,,,,1,1,1.0,False,,0.065045,12.227100000018254
hybrid,MH-014,multi_hop,,3,,,,,,0,0,0.6666666666666666,False,,0.04918,11.717100001988001
hybrid,MH-015,multi_hop,,3,,,,,,0,0,0.6666666666666666,False,,0.04918,8.06400000146823
hybrid,MH-016,multi_hop,,2,,,,,,1,1,1.0,False,,0.060957,10.173499998927582
hybrid,MH-017,multi_hop,,2,,,,,,0,0,0.5,False,,0.065574,8.599400003731716
hybrid,MH-018,multi_hop,,2,,,,,,1,1,1.0,False,,0.064565,10.828699996636715
hybrid,MH-019,multi_hop,,2,,,,,,0,0,0.5,False,,0.061574,9.945800004061311
hybrid,MH-020,multi_hop,,2,,,,,,1,1,1.0,False,,0.04918,9.372000000439584
hybrid,MH-021,multi_hop,,2,,,,,,0,0,0.5,False,,0.04918,11.19950000429526
hybrid,MH-022,multi_hop,,3,,,,,,0,0,0.6666666666666666,False,,0.065574,9.315800001786556
hybrid,MH-023,multi_hop,,2,,,,,,0,0,0.5,False,,0.063268,10.07499999832362
hybrid,MH-024,multi_hop,,2,,,,,,1,1,1.0,False,,0.063093,11.040500001399778
hybrid,MH-025,multi_hop,,3,,,,,,0,0,0.6666666666666666,False,,0.04918,9.87860000168439
hybrid,MH-026,multi_hop,,3,,,,,,0,0,0.6666666666666666,False,,0.065053,10.835200002475176
hybrid,MH-027,multi_hop,,2,,,,,,1,1,1.0,False,,0.062632,8.781399999861605
hybrid,MH-028,multi_hop,,2,,,,,,0,0,0.5,False,,0.065574,9.346899998490699
hybrid,MH-029,multi_hop,,2,,,,,,1,1,1.0,False,,0.065309,10.742200000095181
hybrid,MH-030,multi_hop,,2,,,,,,0,0,0.5,False,,0.063524,8.223099997849204
hybrid,DX-001,distractor,,,,,,,,,,,False,0,0.031545,9.647700004279613
hybrid,DX-002,distractor,,,,,,,,,,,False,0,0.032018,7.5896000053035095
hybrid,DX-003,distractor,,,,,,,,,,,False,0,0.031754,9.700999995402526
hybrid,DX-004,distractor,,,,,,,,,,,False,0,0.03125,8.04519999655895
hybrid,DX-005,distractor,,,,,,,,,,,False,0,0.032522,8.81449999724282
hybrid,DX-006,distractor,,,,,,,,,,,False,0,0.030118,9.02219999989029
hybrid,DX-007,distractor,,,,,,,,,,,False,0,0.029514,10.069800002384
hybrid,DX-008,distractor,,,,,,,,,,,False,0,0.016393,7.316799994441681
hybrid,DX-009,distractor,,,,,,,,,,,True,1,0.027212,8.832599996821955
hybrid,DX-010,distractor,,,,,,,,,,,False,0,0.03031,7.897600000433158
hybrid,DX-011,distractor,,,,,,,,,,,True,1,0.031545,9.70709999819519
hybrid,DX-012,distractor,,,,,,,,,,,False,0,0.029236,8.394199998292606
hybrid,DX-013,distractor,,,,,,,,,,,False,0,0.030777,7.61909999710042
hybrid,DX-014,distractor,,,,,,,,,,,False,0,0.030159,8.331199998792727
hybrid,DX-015,distractor,,,,,,,,,,,False,0,0.031778,8.476900002278853
hybrid,DX-016,distractor,,,,,,,,,,,False,0,0.029644,9.452699996472802
hybrid,DX-017,distractor,,,,,,,,,,,False,0,0.028577,9.61000000097556
hybrid,DX-018,distractor,,,,,,,,,,,False,0,0.016393,8.761900004174095
hybrid,DX-019,distractor,,,,,,,,,,,False,0,0.016393,7.706500000494998
hybrid,DX-020,distractor,,,,,,,,,,,False,0,0.029437,9.333600006357301
